cuánto,8,determiner,interrogative,evaluative,masculine,singular,n/a
cuánto,8,determiner,interrogative,evaluative,masculine,singular,n/a
cuánto,8,determiner,interrogative,evaluative,masculine,singular,n/a
cuánto,8,determiner,interrogative,evaluative,masculine,singular,n/a
cuánto,8,determiner,interrogative,evaluative,masculine,singular,n/a
cuánto,8,determiner,interrogative,evaluative,masculine,singular,n/a
cuánto,8,determiner,interrogative,evaluative,masculine,singular,n/a
cuánto,8,determiner,interrogative,evaluative,masculine,singular,n/a
cuánto,8,determiner,interrogative,evaluative,masculine,singular,n/a
cuánto,8,determiner,interrogative,evaluative,masculine,singular,n/a
cuánto,8,determiner,interrogative,evaluative,masculine,singular,n/a
cuánto,8,determiner,interrogative,evaluative,masculine,singular,n/a
cuánto,8,determiner,interrogative,evaluative,masculine,singular,n/a
cuánto,8,determiner,interrogative,evaluative,masculine,singular,n/a
cuánto,8,determiner,interrogative,evaluative,masculine,singular,n/a
cuánto,8,determiner,interrogative,evaluative,masculine,singular,n/a
cuánto,8,determiner,interrogative,evaluative,masculine,singular,n/a
